{"blog-sidebar":{"adara-about-1":{"title":"About Me"},"adara-newsletter-1":{"title":"NEWSLETTER","text":"Fill your email below to subscribe to my newsletter","show_social_links":1},"adara-popular-posts-1":{"title":"Popular Posts","number":3},"adara-categories-1":{"title":"Categories"},"media_image-1":{"size":"full","width":376,"height":290,"caption":"","alt":"","link_type":"custom","link_url":"","image_classes":"","link_classes":"","link_rel":"","link_target_blank":false,"image_title":"","attachment_id":256,"url":"https:\/\/themebeyond.com\/demo\/adara-v2\/wp-content\/uploads\/2022\/06\/sidebar_banner.jpg","title":""},"tag_cloud-1":{"title":"Tags Post","count":0,"taxonomy":"post_tag"}},"footer-1-column-1":{"nav_menu-1":{"nav_menu":"50"}},"footer-1-column-2":{"adara-footer-socials-follow-us-1":{"title":"","text":""}},"footer-2-column-1":{"nav_menu-2":{"title":"Company","nav_menu":"49"}},"footer-2-column-2":{"nav_menu-3":{"title":"Store","nav_menu":"52"}},"footer-2-column-3":{"nav_menu-4":{"title":"Category","nav_menu":"48"}},"footer-2-column-4":{"adara-footer-socials-follow-us-2":{"title":"FOLLOW US","text":"Get Free Shipping on all your orders!"}},"woo-sidebar-right":{"woocommerce_product_search-1":{"title":""},"woocommerce_product_categories-1":{"title":"Product Categories","orderby":"name","dropdown":0,"count":1,"hierarchical":1,"show_children_only":0,"hide_empty":0,"max_depth":"1"},"woocommerce_price_filter-1":{"title":"Price Filter"},"adara-product-filter-1":{"title_1":"Product Size","title_2":"Color"},"woocommerce_top_rated_products-1":{"title":"Top Items","number":3}}}